{"test_accuracy": 0.8999999999999999, "test_loss": 0.16000000000000003, "step": 2, "owner": "electrixoul", "_timestamp": 1745921320.6097493, "_runtime": 5.225227355957031, "_step": 2, "test_completed": true, "final_accuracy": 0.8999999999999999, "final_loss": 0.16000000000000003, "_wandb": {"runtime": 3}}