{"test_accuracy": 0.9, "test_loss": 0.18, "step": 4, "_timestamp": 1745915049.2980227, "_runtime": 5.8553197383880615, "_step": 4, "_wandb": {"runtime": 5}}