{"test_accuracy": 0.9, "test_loss": 0.18, "step": 4, "_timestamp": 1745921214.9085627, "_runtime": 8.522296667098999, "_step": 4, "_wandb": {"runtime": 4}}