{"acc": 0.8765947606722657, "loss": 0.14051271470466517, "_timestamp": 1745914996.1783586, "_runtime": 3.852935552597046, "_step": 7, "_wandb": {"runtime": 2}}